ABeeZee?ABeeZee
Abel?Abel
Abril Fatface?Abril+Fatface
AbrilFatface?Abril+Fatface
Aclonica?Aclonica
Acme?Acme
Actor?Actor
Adamina?Adamina
Advent Pro?Advent+Pro
AdventPro?Advent+Pro
Aguafina Script?Aguafina+Script
AguafinaScript?Aguafina+Script
Akronim?Akronim
Aladin?Aladin
Aldrich?Aldrich
Alef?Alef
Alegreya?Alegreya
Alegreya SC?Alegreya+SC
AlegreyaSC?Alegreya+SC
Alegreya Sans?Alegreya+Sans
AlegreyaSans?Alegreya+Sans
Alegreya Sans SC?Alegreya+Sans+SC
AlegreyaSansSC?Alegreya+Sans+SC
Alex Brush?Alex+Brush
AlexBrush?Alex+Brush
Alfa Slab One?Alfa+Slab+One
AlfaSlabOne?Alfa+Slab+One
Alice?Alice
Alike?Alike
Alike Angular?Alike+Angular
AlikeAngular?Alike+Angular
Allan?Allan
Allerta?Allerta
Allerta Stencil?Allerta+Stencil
AllertaStencil?Allerta+Stencil
Allura?Allura
Almendra?Almendra
Almendra Display?Almendra+Display
AlmendraDisplay?Almendra+Display
Almendra SC?Almendra+SC
AlmendraSC?Almendra+SC
Amarante?Amarante
Amaranth?Amaranth
Amatic SC?Amatic+SC
AmaticSC?Amatic+SC
Amethysta?Amethysta
Anaheim?Anaheim
Andada?Andada
Andika?Andika
Angkor?Angkor
Annie Use Your Telescope?Annie+Use+Your+Telescope
AnnieUseYourTelescope?Annie+Use+Your+Telescope
Anonymous Pro?Anonymous+Pro
AnonymousPro?Anonymous+Pro
Antic?Antic
Antic Didone?Antic+Didone
AnticDidone?Antic+Didone
Antic Slab?Antic+Slab
AnticSlab?Antic+Slab
Anton?Anton
Arapey?Arapey
Arbutus?Arbutus
Arbutus Slab?Arbutus+Slab
ArbutusSlab?Arbutus+Slab
Architects Daughter?Architects+Daughter
ArchitectsDaughter?Architects+Daughter
Archivo Black?Archivo+Black
ArchivoBlack?Archivo+Black
Archivo Narrow?Archivo+Narrow
ArchivoNarrow?Archivo+Narrow
Arimo?Arimo
Arizonia?Arizonia
Armata?Armata
Artifika?Artifika
Arvo?Arvo
Asap?Asap
Asset?Asset
Astloch?Astloch
Asul?Asul
Atomic Age?Atomic+Age
AtomicAge?Atomic+Age
Aubrey?Aubrey
Audiowide?Audiowide
Autour One?Autour+One
AutourOne?Autour+One
Average?Average
Average Sans?Average+Sans
AverageSans?Average+Sans
Averia Gruesa Libre?Averia+Gruesa+Libre
AveriaGruesaLibre?Averia+Gruesa+Libre
Averia Libre?Averia+Libre
AveriaLibre?Averia+Libre
Averia Sans Libre?Averia+Sans+Libre
AveriaSansLibre?Averia+Sans+Libre
Averia Serif Libre?Averia+Serif+Libre
AveriaSerifLibre?Averia+Serif+Libre
Bad Script?Bad+Script
BadScript?Bad+Script
Balthazar?Balthazar
Bangers?Bangers
Basic?Basic
Battambang?Battambang
Baumans?Baumans
Bayon?Bayon
Belgrano?Belgrano
Belleza?Belleza
BenchNine?BenchNine
Bentham?Bentham
Berkshire Swash?Berkshire+Swash
BerkshireSwash?Berkshire+Swash
Bevan?Bevan
Bigelow Rules?Bigelow+Rules
BigelowRules?Bigelow+Rules
Bigshot One?Bigshot+One
BigshotOne?Bigshot+One
Bilbo?Bilbo
Bilbo Swash Caps?Bilbo+Swash+Caps
BilboSwashCaps?Bilbo+Swash+Caps
Bitter?Bitter
Black Ops One?Black+Ops+One
BlackOpsOne?Black+Ops+One
Bokor?Bokor
Bonbon?Bonbon
Boogaloo?Boogaloo
Bowlby One?Bowlby+One
BowlbyOne?Bowlby+One
Bowlby One SC?Bowlby+One+SC
BowlbyOneSC?Bowlby+One+SC
Brawler?Brawler
Bree Serif?Bree+Serif
BreeSerif?Bree+Serif
Bubblegum Sans?Bubblegum+Sans
BubblegumSans?Bubblegum+Sans
Bubbler One?Bubbler+One
BubblerOne?Bubbler+One
Buda?Buda
Buenard?Buenard
Butcherman?Butcherman
Butterfly Kids?Butterfly+Kids
ButterflyKids?Butterfly+Kids
Cabin?Cabin
Cabin Condensed?Cabin+Condensed
CabinCondensed?Cabin+Condensed
Cabin Sketch?Cabin+Sketch
CabinSketch?Cabin+Sketch
Caesar Dressing?Caesar+Dressing
CaesarDressing?Caesar+Dressing
Cagliostro?Cagliostro
Calligraffitti?Calligraffitti
Cambo?Cambo
Candal?Candal
Cantarell?Cantarell
Cantata One?Cantata+One
CantataOne?Cantata+One
Cantora One?Cantora+One
CantoraOne?Cantora+One
Capriola?Capriola
Cardo?Cardo
Carme?Carme
Carrois Gothic?Carrois+Gothic
CarroisGothic?Carrois+Gothic
Carrois Gothic SC?Carrois+Gothic+SC
CarroisGothicSC?Carrois+Gothic+SC
Carter One?Carter+One
CarterOne?Carter+One
Caudex?Caudex
Cedarville Cursive?Cedarville+Cursive
CedarvilleCursive?Cedarville+Cursive
Ceviche One?Ceviche+One
CevicheOne?Ceviche+One
Changa One?Changa+One
ChangaOne?Changa+One
Chango?Chango
Chau Philomene One?Chau+Philomene+One
ChauPhilomeneOne?Chau+Philomene+One
Chela One?Chela+One
ChelaOne?Chela+One
Chelsea Market?Chelsea+Market
ChelseaMarket?Chelsea+Market
Chenla?Chenla
Cherry Cream Soda?Cherry+Cream+Soda
CherryCreamSoda?Cherry+Cream+Soda
Cherry Swash?Cherry+Swash
CherrySwash?Cherry+Swash
Chewy?Chewy
Chicle?Chicle
Chivo?Chivo
Cinzel?Cinzel
Cinzel Decorative?Cinzel+Decorative
CinzelDecorative?Cinzel+Decorative
Clicker Script?Clicker+Script
ClickerScript?Clicker+Script
Coda?Coda
Coda Caption?Coda+Caption
CodaCaption?Coda+Caption
Codystar?Codystar
Combo?Combo
Comfortaa?Comfortaa
Coming Soon?Coming+Soon
ComingSoon?Coming+Soon
Concert One?Concert+One
ConcertOne?Concert+One
Condiment?Condiment
Content?Content
Contrail One?Contrail+One
ContrailOne?Contrail+One
Convergence?Convergence
Cookie?Cookie
Copse?Copse
Corben?Corben
Courgette?Courgette
Cousine?Cousine
Coustard?Coustard
Covered By Your Grace?Covered+By+Your+Grace
CoveredByYourGrace?Covered+By+Your+Grace
Crafty Girls?Crafty+Girls
CraftyGirls?Crafty+Girls
Creepster?Creepster
Crete Round?Crete+Round
CreteRound?Crete+Round
Crimson Text?Crimson+Text
CrimsonText?Crimson+Text
Croissant One?Croissant+One
CroissantOne?Croissant+One
Crushed?Crushed
Cuprum?Cuprum
Cutive?Cutive
Cutive Mono?Cutive+Mono
CutiveMono?Cutive+Mono
Damion?Damion
Dancing Script?Dancing+Script
DancingScript?Dancing+Script
Dangrek?Dangrek
Dawning of a New Day?Dawning+of+a+New+Day
DawningofaNewDay?Dawning+of+a+New+Day
Days One?Days+One
DaysOne?Days+One
Delius?Delius
Delius Swash Caps?Delius+Swash+Caps
DeliusSwashCaps?Delius+Swash+Caps
Delius Unicase?Delius+Unicase
DeliusUnicase?Delius+Unicase
Della Respira?Della+Respira
DellaRespira?Della+Respira
Denk One?Denk+One
DenkOne?Denk+One
Devonshire?Devonshire
Didact Gothic?Didact+Gothic
DidactGothic?Didact+Gothic
Diplomata?Diplomata
Diplomata SC?Diplomata+SC
DiplomataSC?Diplomata+SC
Domine?Domine
Donegal One?Donegal+One
DonegalOne?Donegal+One
Doppio One?Doppio+One
DoppioOne?Doppio+One
Dorsa?Dorsa
Dosis?Dosis
Dr Sugiyama?Dr+Sugiyama
DrSugiyama?Dr+Sugiyama
Droid Sans?Droid+Sans
DroidSans?Droid+Sans
Droid Sans Mono?Droid+Sans+Mono
DroidSansMono?Droid+Sans+Mono
Droid Serif?Droid+Serif
DroidSerif?Droid+Serif
Duru Sans?Duru+Sans
DuruSans?Duru+Sans
Dynalight?Dynalight
EB Garamond?EB+Garamond
EBGaramond?EB+Garamond
Eagle Lake?Eagle+Lake
EagleLake?Eagle+Lake
Eater?Eater
Economica?Economica
Electrolize?Electrolize
Elsie?Elsie
Elsie Swash Caps?Elsie+Swash+Caps
ElsieSwashCaps?Elsie+Swash+Caps
Emblema One?Emblema+One
EmblemaOne?Emblema+One
Emilys Candy?Emilys+Candy
EmilysCandy?Emilys+Candy
Engagement?Engagement
Englebert?Englebert
Enriqueta?Enriqueta
Erica One?Erica+One
EricaOne?Erica+One
Esteban?Esteban
Euphoria Script?Euphoria+Script
EuphoriaScript?Euphoria+Script
Ewert?Ewert
Exo?Exo
Exo 2?Exo+2
Exo2?Exo+2
Expletus Sans?Expletus+Sans
ExpletusSans?Expletus+Sans
Fanwood Text?Fanwood+Text
FanwoodText?Fanwood+Text
Fascinate?Fascinate
Fascinate Inline?Fascinate+Inline
FascinateInline?Fascinate+Inline
Faster One?Faster+One
FasterOne?Faster+One
Fasthand?Fasthand
Fauna One?Fauna+One
FaunaOne?Fauna+One
Federant?Federant
Federo?Federo
Felipa?Felipa
Fenix?Fenix
Finger Paint?Finger+Paint
FingerPaint?Finger+Paint
Fjalla One?Fjalla+One
FjallaOne?Fjalla+One
Fjord One?Fjord+One
FjordOne?Fjord+One
Flamenco?Flamenco
Flavors?Flavors
Fondamento?Fondamento
Fontdiner Swanky?Fontdiner+Swanky
FontdinerSwanky?Fontdiner+Swanky
Forum?Forum
Francois One?Francois+One
FrancoisOne?Francois+One
Freckle Face?Freckle+Face
FreckleFace?Freckle+Face
Fredericka the Great?Fredericka+the+Great
FrederickatheGreat?Fredericka+the+Great
Fredoka One?Fredoka+One
FredokaOne?Fredoka+One
Freehand?Freehand
Fresca?Fresca
Frijole?Frijole
Fruktur?Fruktur
Fugaz One?Fugaz+One
FugazOne?Fugaz+One
GFS Didot?GFS+Didot
GFSDidot?GFS+Didot
GFS Neohellenic?GFS+Neohellenic
GFSNeohellenic?GFS+Neohellenic
Gabriela?Gabriela
Gafata?Gafata
Galdeano?Galdeano
Galindo?Galindo
Gentium Basic?Gentium+Basic
GentiumBasic?Gentium+Basic
Gentium Book Basic?Gentium+Book+Basic
GentiumBookBasic?Gentium+Book+Basic
Geo?Geo
Geostar?Geostar
Geostar Fill?Geostar+Fill
GeostarFill?Geostar+Fill
Germania One?Germania+One
GermaniaOne?Germania+One
Gilda Display?Gilda+Display
GildaDisplay?Gilda+Display
Give You Glory?Give+You+Glory
GiveYouGlory?Give+You+Glory
Glass Antiqua?Glass+Antiqua
GlassAntiqua?Glass+Antiqua
Glegoo?Glegoo
Gloria Hallelujah?Gloria+Hallelujah
GloriaHallelujah?Gloria+Hallelujah
Goblin One?Goblin+One
GoblinOne?Goblin+One
Gochi Hand?Gochi+Hand
GochiHand?Gochi+Hand
Gorditas?Gorditas
Goudy Bookletter 1911?Goudy+Bookletter+1911
GoudyBookletter1911?Goudy+Bookletter+1911
Graduate?Graduate
Grand Hotel?Grand+Hotel
GrandHotel?Grand+Hotel
Gravitas One?Gravitas+One
GravitasOne?Gravitas+One
Great Vibes?Great+Vibes
GreatVibes?Great+Vibes
Griffy?Griffy
Gruppo?Gruppo
Gudea?Gudea
Habibi?Habibi
Hammersmith One?Hammersmith+One
HammersmithOne?Hammersmith+One
Hanalei?Hanalei
Hanalei Fill?Hanalei+Fill
HanaleiFill?Hanalei+Fill
Handlee?Handlee
Hanuman?Hanuman
Happy Monkey?Happy+Monkey
HappyMonkey?Happy+Monkey
Headland One?Headland+One
HeadlandOne?Headland+One
Henny Penny?Henny+Penny
HennyPenny?Henny+Penny
Herr Von Muellerhoff?Herr+Von+Muellerhoff
HerrVonMuellerhoff?Herr+Von+Muellerhoff
Holtwood One SC?Holtwood+One+SC
HoltwoodOneSC?Holtwood+One+SC
Homemade Apple?Homemade+Apple
HomemadeApple?Homemade+Apple
Homenaje?Homenaje
IM Fell DW Pica?IM+Fell+DW+Pica
IMFellDWPica?IM+Fell+DW+Pica
IM Fell DW Pica SC?IM+Fell+DW+Pica+SC
IMFellDWPicaSC?IM+Fell+DW+Pica+SC
IM Fell Double Pica?IM+Fell+Double+Pica
IMFellDoublePica?IM+Fell+Double+Pica
IM Fell Double Pica SC?IM+Fell+Double+Pica+SC
IMFellDoublePicaSC?IM+Fell+Double+Pica+SC
IM Fell English?IM+Fell+English
IMFellEnglish?IM+Fell+English
IM Fell English SC?IM+Fell+English+SC
IMFellEnglishSC?IM+Fell+English+SC
IM Fell French Canon?IM+Fell+French+Canon
IMFellFrenchCanon?IM+Fell+French+Canon
IM Fell French Canon SC?IM+Fell+French+Canon+SC
IMFellFrenchCanonSC?IM+Fell+French+Canon+SC
IM Fell Great Primer?IM+Fell+Great+Primer
IMFellGreatPrimer?IM+Fell+Great+Primer
IM Fell Great Primer SC?IM+Fell+Great+Primer+SC
IMFellGreatPrimerSC?IM+Fell+Great+Primer+SC
Iceberg?Iceberg
Iceland?Iceland
Imprima?Imprima
Inconsolata?Inconsolata
Inder?Inder
Indie Flower?Indie+Flower
IndieFlower?Indie+Flower
Inika?Inika
Irish Grover?Irish+Grover
IrishGrover?Irish+Grover
Istok Web?Istok+Web
IstokWeb?Istok+Web
Italiana?Italiana
Italianno?Italianno
Jacques Francois?Jacques+Francois
JacquesFrancois?Jacques+Francois
Jacques Francois Shadow?Jacques+Francois+Shadow
JacquesFrancoisShadow?Jacques+Francois+Shadow
Jim Nightshade?Jim+Nightshade
JimNightshade?Jim+Nightshade
Jockey One?Jockey+One
JockeyOne?Jockey+One
Jolly Lodger?Jolly+Lodger
JollyLodger?Jolly+Lodger
Josefin Sans?Josefin+Sans
JosefinSans?Josefin+Sans
Josefin Slab?Josefin+Slab
JosefinSlab?Josefin+Slab
Joti One?Joti+One
JotiOne?Joti+One
Judson?Judson
Julee?Julee
Julius Sans One?Julius+Sans+One
JuliusSansOne?Julius+Sans+One
Junge?Junge
Jura?Jura
Just Another Hand?Just+Another+Hand
JustAnotherHand?Just+Another+Hand
Just Me Again Down Here?Just+Me+Again+Down+Here
JustMeAgainDownHere?Just+Me+Again+Down+Here
Kameron?Kameron
Kantumruy?Kantumruy
Karla?Karla
Kaushan Script?Kaushan+Script
KaushanScript?Kaushan+Script
Kavoon?Kavoon
Kdam Thmor?Kdam+Thmor
KdamThmor?Kdam+Thmor
Keania One?Keania+One
KeaniaOne?Keania+One
Kelly Slab?Kelly+Slab
KellySlab?Kelly+Slab
Kenia?Kenia
Khmer?Khmer
Kite One?Kite+One
KiteOne?Kite+One
Knewave?Knewave
Kotta One?Kotta+One
KottaOne?Kotta+One
Koulen?Koulen
Kranky?Kranky
Kreon?Kreon
Kristi?Kristi
Krona One?Krona+One
KronaOne?Krona+One
La Belle Aurore?La+Belle+Aurore
LaBelleAurore?La+Belle+Aurore
Lancelot?Lancelot
Lato?Lato
League Script?League+Script
LeagueScript?League+Script
Leckerli One?Leckerli+One
LeckerliOne?Leckerli+One
Ledger?Ledger
Lekton?Lekton
Lemon?Lemon
Libre Baskerville?Libre+Baskerville
LibreBaskerville?Libre+Baskerville
Life Savers?Life+Savers
LifeSavers?Life+Savers
Lilita One?Lilita+One
LilitaOne?Lilita+One
Lily Script One?Lily+Script+One
LilyScriptOne?Lily+Script+One
Limelight?Limelight
Linden Hill?Linden+Hill
LindenHill?Linden+Hill
Lobster?Lobster
Lobster Two?Lobster+Two
LobsterTwo?Lobster+Two
Londrina Outline?Londrina+Outline
LondrinaOutline?Londrina+Outline
Londrina Shadow?Londrina+Shadow
LondrinaShadow?Londrina+Shadow
Londrina Sketch?Londrina+Sketch
LondrinaSketch?Londrina+Sketch
Londrina Solid?Londrina+Solid
LondrinaSolid?Londrina+Solid
Lora?Lora
Love Ya Like A Sister?Love+Ya+Like+A+Sister
LoveYaLikeASister?Love+Ya+Like+A+Sister
Loved by the King?Loved+by+the+King
LovedbytheKing?Loved+by+the+King
Lovers Quarrel?Lovers+Quarrel
LoversQuarrel?Lovers+Quarrel
Luckiest Guy?Luckiest+Guy
LuckiestGuy?Luckiest+Guy
Lusitana?Lusitana
Lustria?Lustria
Macondo?Macondo
Macondo Swash Caps?Macondo+Swash+Caps
MacondoSwashCaps?Macondo+Swash+Caps
Magra?Magra
Maiden Orange?Maiden+Orange
MaidenOrange?Maiden+Orange
Mako?Mako
Marcellus?Marcellus
Marcellus SC?Marcellus+SC
MarcellusSC?Marcellus+SC
Marck Script?Marck+Script
MarckScript?Marck+Script
Margarine?Margarine
Marko One?Marko+One
MarkoOne?Marko+One
Marmelad?Marmelad
Marvel?Marvel
Mate?Mate
Mate SC?Mate+SC
MateSC?Mate+SC
Maven Pro?Maven+Pro
MavenPro?Maven+Pro
McLaren?McLaren
Meddon?Meddon
MedievalSharp?MedievalSharp
Medula One?Medula+One
MedulaOne?Medula+One
Megrim?Megrim
Meie Script?Meie+Script
MeieScript?Meie+Script
Merienda?Merienda
Merienda One?Merienda+One
MeriendaOne?Merienda+One
Merriweather?Merriweather
Merriweather Sans?Merriweather+Sans
MerriweatherSans?Merriweather+Sans
Metal?Metal
Metal Mania?Metal+Mania
MetalMania?Metal+Mania
Metamorphous?Metamorphous
Metrophobic?Metrophobic
Michroma?Michroma
Milonga?Milonga
Miltonian?Miltonian
Miltonian Tattoo?Miltonian+Tattoo
MiltonianTattoo?Miltonian+Tattoo
Miniver?Miniver
Miss Fajardose?Miss+Fajardose
MissFajardose?Miss+Fajardose
Modern Antiqua?Modern+Antiqua
ModernAntiqua?Modern+Antiqua
Molengo?Molengo
Molle?Molle
Monda?Monda
Monofett?Monofett
Monoton?Monoton
Monsieur La Doulaise?Monsieur+La+Doulaise
MonsieurLaDoulaise?Monsieur+La+Doulaise
Montaga?Montaga
Montez?Montez
Montserrat?Montserrat
Montserrat Alternates?Montserrat+Alternates
MontserratAlternates?Montserrat+Alternates
Montserrat Subrayada?Montserrat+Subrayada
MontserratSubrayada?Montserrat+Subrayada
Moul?Moul
Moulpali?Moulpali
Mountains of Christmas?Mountains+of+Christmas
MountainsofChristmas?Mountains+of+Christmas
Mouse Memoirs?Mouse+Memoirs
MouseMemoirs?Mouse+Memoirs
Mr Bedfort?Mr+Bedfort
MrBedfort?Mr+Bedfort
Mr Dafoe?Mr+Dafoe
MrDafoe?Mr+Dafoe
Mr De Haviland?Mr+De+Haviland
MrDeHaviland?Mr+De+Haviland
Mrs Saint Delafield?Mrs+Saint+Delafield
MrsSaintDelafield?Mrs+Saint+Delafield
Mrs Sheppards?Mrs+Sheppards
MrsSheppards?Mrs+Sheppards
Muli?Muli
Mystery Quest?Mystery+Quest
MysteryQuest?Mystery+Quest
Neucha?Neucha
Neuton?Neuton
New Rocker?New+Rocker
NewRocker?New+Rocker
News Cycle?News+Cycle
NewsCycle?News+Cycle
Niconne?Niconne
Nixie One?Nixie+One
NixieOne?Nixie+One
Nobile?Nobile
Nokora?Nokora
Norican?Norican
Nosifer?Nosifer
Nothing You Could Do?Nothing+You+Could+Do
NothingYouCouldDo?Nothing+You+Could+Do
Noticia Text?Noticia+Text
NoticiaText?Noticia+Text
Noto Sans?Noto+Sans
NotoSans?Noto+Sans
Noto Serif?Noto+Serif
NotoSerif?Noto+Serif
Nova Cut?Nova+Cut
NovaCut?Nova+Cut
Nova Flat?Nova+Flat
NovaFlat?Nova+Flat
Nova Mono?Nova+Mono
NovaMono?Nova+Mono
Nova Oval?Nova+Oval
NovaOval?Nova+Oval
Nova Round?Nova+Round
NovaRound?Nova+Round
Nova Script?Nova+Script
NovaScript?Nova+Script
Nova Slim?Nova+Slim
NovaSlim?Nova+Slim
Nova Square?Nova+Square
NovaSquare?Nova+Square
Numans?Numans
Nunito?Nunito
Odor Mean Chey?Odor+Mean+Chey
OdorMeanChey?Odor+Mean+Chey
Offside?Offside
Old Standard TT?Old+Standard+TT
OldStandardTT?Old+Standard+TT
Oldenburg?Oldenburg
Oleo Script?Oleo+Script
OleoScript?Oleo+Script
Oleo Script Swash Caps?Oleo+Script+Swash+Caps
OleoScriptSwashCaps?Oleo+Script+Swash+Caps
Open Sans?Open+Sans
OpenSans?Open+Sans
Open Sans Condensed?Open+Sans+Condensed
OpenSansCondensed?Open+Sans+Condensed
Oranienbaum?Oranienbaum
Orbitron?Orbitron
Oregano?Oregano
Orienta?Orienta
Original Surfer?Original+Surfer
OriginalSurfer?Original+Surfer
Oswald?Oswald
Over the Rainbow?Over+the+Rainbow
OvertheRainbow?Over+the+Rainbow
Overlock?Overlock
Overlock SC?Overlock+SC
OverlockSC?Overlock+SC
Ovo?Ovo
Oxygen?Oxygen
Oxygen Mono?Oxygen+Mono
OxygenMono?Oxygen+Mono
PT Mono?PT+Mono
PTMono?PT+Mono
PT Sans?PT+Sans
PTSans?PT+Sans
PT Sans Caption?PT+Sans+Caption
PTSansCaption?PT+Sans+Caption
PT Sans Narrow?PT+Sans+Narrow
PTSansNarrow?PT+Sans+Narrow
PT Serif?PT+Serif
PTSerif?PT+Serif
PT Serif Caption?PT+Serif+Caption
PTSerifCaption?PT+Serif+Caption
Pacifico?Pacifico
Paprika?Paprika
Parisienne?Parisienne
Passero One?Passero+One
PasseroOne?Passero+One
Passion One?Passion+One
PassionOne?Passion+One
Pathway Gothic One?Pathway+Gothic+One
PathwayGothicOne?Pathway+Gothic+One
Patrick Hand?Patrick+Hand
PatrickHand?Patrick+Hand
Patrick Hand SC?Patrick+Hand+SC
PatrickHandSC?Patrick+Hand+SC
Patua One?Patua+One
PatuaOne?Patua+One
Paytone One?Paytone+One
PaytoneOne?Paytone+One
Peralta?Peralta
Permanent Marker?Permanent+Marker
PermanentMarker?Permanent+Marker
Petit Formal Script?Petit+Formal+Script
PetitFormalScript?Petit+Formal+Script
Petrona?Petrona
Philosopher?Philosopher
Piedra?Piedra
Pinyon Script?Pinyon+Script
PinyonScript?Pinyon+Script
Pirata One?Pirata+One
PirataOne?Pirata+One
Plaster?Plaster
Play?Play
Playball?Playball
Playfair Display?Playfair+Display
PlayfairDisplay?Playfair+Display
Playfair Display SC?Playfair+Display+SC
PlayfairDisplaySC?Playfair+Display+SC
Podkova?Podkova
Poiret One?Poiret+One
PoiretOne?Poiret+One
Poller One?Poller+One
PollerOne?Poller+One
Poly?Poly
Pompiere?Pompiere
Pontano Sans?Pontano+Sans
PontanoSans?Pontano+Sans
Port Lligat Sans?Port+Lligat+Sans
PortLligatSans?Port+Lligat+Sans
Port Lligat Slab?Port+Lligat+Slab
PortLligatSlab?Port+Lligat+Slab
Prata?Prata
Preahvihear?Preahvihear
Press Start 2P?Press+Start+2P
PressStart2P?Press+Start+2P
Princess Sofia?Princess+Sofia
PrincessSofia?Princess+Sofia
Prociono?Prociono
Prosto One?Prosto+One
ProstoOne?Prosto+One
Puritan?Puritan
Purple Purse?Purple+Purse
PurplePurse?Purple+Purse
Quando?Quando
Quantico?Quantico
Quattrocento?Quattrocento
Quattrocento Sans?Quattrocento+Sans
QuattrocentoSans?Quattrocento+Sans
Questrial?Questrial
Quicksand?Quicksand
Quintessential?Quintessential
Qwigley?Qwigley
Racing Sans One?Racing+Sans+One
RacingSansOne?Racing+Sans+One
Radley?Radley
Raleway?Raleway
Raleway Dots?Raleway+Dots
RalewayDots?Raleway+Dots
Rambla?Rambla
Rammetto One?Rammetto+One
RammettoOne?Rammetto+One
Ranchers?Ranchers
Rancho?Rancho
Rationale?Rationale
Redressed?Redressed
Reenie Beanie?Reenie+Beanie
ReenieBeanie?Reenie+Beanie
Revalia?Revalia
Ribeye?Ribeye
Ribeye Marrow?Ribeye+Marrow
RibeyeMarrow?Ribeye+Marrow
Righteous?Righteous
Risque?Risque
Roboto?Roboto
Roboto Condensed?Roboto+Condensed
RobotoCondensed?Roboto+Condensed
Roboto Slab?Roboto+Slab
RobotoSlab?Roboto+Slab
Rochester?Rochester
Rock Salt?Rock+Salt
RockSalt?Rock+Salt
Rokkitt?Rokkitt
Romanesco?Romanesco
Ropa Sans?Ropa+Sans
RopaSans?Ropa+Sans
Rosario?Rosario
Rosarivo?Rosarivo
Rouge Script?Rouge+Script
RougeScript?Rouge+Script
Ruda?Ruda
Rufina?Rufina
Ruge Boogie?Ruge+Boogie
RugeBoogie?Ruge+Boogie
Ruluko?Ruluko
Rum Raisin?Rum+Raisin
RumRaisin?Rum+Raisin
Ruslan Display?Ruslan+Display
RuslanDisplay?Ruslan+Display
Russo One?Russo+One
RussoOne?Russo+One
Ruthie?Ruthie
Rye?Rye
Sacramento?Sacramento
Sail?Sail
Salsa?Salsa
Sanchez?Sanchez
Sancreek?Sancreek
Sansita One?Sansita+One
SansitaOne?Sansita+One
Sarina?Sarina
Satisfy?Satisfy
Scada?Scada
Schoolbell?Schoolbell
Seaweed Script?Seaweed+Script
SeaweedScript?Seaweed+Script
Sevillana?Sevillana
Seymour One?Seymour+One
SeymourOne?Seymour+One
Shadows Into Light?Shadows+Into+Light
ShadowsIntoLight?Shadows+Into+Light
Shadows Into Light Two?Shadows+Into+Light+Two
ShadowsIntoLightTwo?Shadows+Into+Light+Two
Shanti?Shanti
Share?Share
Share Tech?Share+Tech
ShareTech?Share+Tech
Share Tech Mono?Share+Tech+Mono
ShareTechMono?Share+Tech+Mono
Shojumaru?Shojumaru
Short Stack?Short+Stack
ShortStack?Short+Stack
Siemreap?Siemreap
Sigmar One?Sigmar+One
SigmarOne?Sigmar+One
Signika?Signika
Signika Negative?Signika+Negative
SignikaNegative?Signika+Negative
Simonetta?Simonetta
Sintony?Sintony
Sirin Stencil?Sirin+Stencil
SirinStencil?Sirin+Stencil
Six Caps?Six+Caps
SixCaps?Six+Caps
Skranji?Skranji
Slackey?Slackey
Smokum?Smokum
Smythe?Smythe
Sniglet?Sniglet
Snippet?Snippet
Snowburst One?Snowburst+One
SnowburstOne?Snowburst+One
Sofadi One?Sofadi+One
SofadiOne?Sofadi+One
Sofia?Sofia
Sonsie One?Sonsie+One
SonsieOne?Sonsie+One
Sorts Mill Goudy?Sorts+Mill+Goudy
SortsMillGoudy?Sorts+Mill+Goudy
Source Code Pro?Source+Code+Pro
SourceCodePro?Source+Code+Pro
Source Sans Pro?Source+Sans+Pro
SourceSansPro?Source+Sans+Pro
Special Elite?Special+Elite
SpecialElite?Special+Elite
Spicy Rice?Spicy+Rice
SpicyRice?Spicy+Rice
Spinnaker?Spinnaker
Spirax?Spirax
Squada One?Squada+One
SquadaOne?Squada+One
Stalemate?Stalemate
Stalinist One?Stalinist+One
StalinistOne?Stalinist+One
Stardos Stencil?Stardos+Stencil
StardosStencil?Stardos+Stencil
Stint Ultra Condensed?Stint+Ultra+Condensed
StintUltraCondensed?Stint+Ultra+Condensed
Stint Ultra Expanded?Stint+Ultra+Expanded
StintUltraExpanded?Stint+Ultra+Expanded
Stoke?Stoke
Strait?Strait
Sue Ellen Francisco?Sue+Ellen+Francisco
SueEllenFrancisco?Sue+Ellen+Francisco
Sunshiney?Sunshiney
Supermercado One?Supermercado+One
SupermercadoOne?Supermercado+One
Suwannaphum?Suwannaphum
Swanky and Moo Moo?Swanky+and+Moo+Moo
SwankyandMooMoo?Swanky+and+Moo+Moo
Syncopate?Syncopate
Tangerine?Tangerine
Taprom?Taprom
Tauri?Tauri
Telex?Telex
Tenor Sans?Tenor+Sans
TenorSans?Tenor+Sans
Text Me One?Text+Me+One
TextMeOne?Text+Me+One
The Girl Next Door?The+Girl+Next+Door
TheGirlNextDoor?The+Girl+Next+Door
Tienne?Tienne
Tinos?Tinos
Titan One?Titan+One
TitanOne?Titan+One
Titillium Web?Titillium+Web
TitilliumWeb?Titillium+Web
Trade Winds?Trade+Winds
TradeWinds?Trade+Winds
Trocchi?Trocchi
Trochut?Trochut
Trykker?Trykker
Tulpen One?Tulpen+One
TulpenOne?Tulpen+One
Ubuntu?Ubuntu
Ubuntu Condensed?Ubuntu+Condensed
UbuntuCondensed?Ubuntu+Condensed
Ubuntu Mono?Ubuntu+Mono
UbuntuMono?Ubuntu+Mono
Ultra?Ultra
Uncial Antiqua?Uncial+Antiqua
UncialAntiqua?Uncial+Antiqua
Underdog?Underdog
Unica One?Unica+One
UnicaOne?Unica+One
UnifrakturCook?UnifrakturCook
UnifrakturMaguntia?UnifrakturMaguntia
Unkempt?Unkempt
Unlock?Unlock
Unna?Unna
VT323?VT323
Vampiro One?Vampiro+One
VampiroOne?Vampiro+One
Varela?Varela
Varela Round?Varela+Round
VarelaRound?Varela+Round
Vast Shadow?Vast+Shadow
VastShadow?Vast+Shadow
Vibur?Vibur
Vidaloka?Vidaloka
Viga?Viga
Voces?Voces
Volkhov?Volkhov
Vollkorn?Vollkorn
Voltaire?Voltaire
Waiting for the Sunrise?Waiting+for+the+Sunrise
WaitingfortheSunrise?Waiting+for+the+Sunrise
Wallpoet?Wallpoet
Walter Turncoat?Walter+Turncoat
WalterTurncoat?Walter+Turncoat
Warnes?Warnes
Wellfleet?Wellfleet
Wendy One?Wendy+One
WendyOne?Wendy+One
Wire One?Wire+One
WireOne?Wire+One
Yanone Kaffeesatz?Yanone+Kaffeesatz
YanoneKaffeesatz?Yanone+Kaffeesatz
Yellowtail?Yellowtail
Yeseva One?Yeseva+One
YesevaOne?Yeseva+One
Yesteryear?Yesteryear
Zeyada?Zeyada